Nome,Laboratórios, Alg. Avançados, Biologia Sistemas,Média
João,12.0,16.0,17.0,15.0
Carla,17.0,16.0,,16.5
Sónia,,18.0,18.0,18.0
Pedro,16.0,,18.0,17.0
José,14.0,17.0,12.0,14.333333333333334
Carina,19.0,18.0,20.0,19.0
Telma,16.0,14.0,12.0,14.0
Joaquim,,15.0,12.0,13.5
Ricardo,15.0,15.0,14.0,14.666666666666666
Vanda,16.0,15.0,18.0,16.333333333333332